 
INSERT INTO `addon_account` (name, label, shared) VALUES
	('society_cardealer','Car Dealer',1)
;

INSERT INTO `addon_account_data` (account_name, money) VALUES
	('society_cardealer', 0)
;

INSERT INTO `addon_inventory` (name, label, shared) VALUES
	('society_cardealer','Car Dealer',1)
;

INSERT INTO `jobs` (name, label) VALUES
	('cardealer','Car Dealer')
;

INSERT INTO `job_grades` (job_name, grade, name, label, salary, skin_male, skin_female) VALUES
	('cardealer',0,'recruit','Recruit',10,'{}','{}'),
	('cardealer',1,'novice','Novice',25,'{}','{}'),
	('cardealer',2,'experienced','Experienced',40,'{}','{}'),
	('cardealer',3,'boss','Boss',0,'{}','{}')
;

ALTER TABLE `owned_vehicles`
ADD `date` varchar(255) DEFAULT NULL AFTER `stored`,
ADD  `paidprice` int(11) NOT NULL DEFAULT '0' AFTER `date`,
ADD `finance` INT(32) NOT NULL DEFAULT '0' AFTER `paidprice`,
ADD `repaytime` INT(32) NOT NULL DEFAULT '0' AFTER `finance`,
ADD `model` varchar(60) NOT NULL AFTER `repaytime`;

CREATE TABLE `vehicle_categories` (
	`name` varchar(60) NOT NULL,
	`label` varchar(60) NOT NULL,

	PRIMARY KEY (`name`)
);

INSERT INTO `vehicle_categories` (name, label) VALUES
	('compacts','Compacts'),
	('coupes','Coupes'),
	('sedans','Sedans'),
	('sports','Sports'),
	('sportsclassics','Sports Classics'),
	('super','Super'),
	('muscle','Muscle'),
	('offroad','Off Road'),
	('suvs','SUVs'),
	('vans','Vans'),
	('motorcycles','Motorcycles'),
	('bicycles','Bikes'),
	('utility','Utility')
;

CREATE TABLE `vehicles` (
	`name` varchar(60) NOT NULL,
	`model` varchar(60) NOT NULL,
	`price` int(11) NOT NULL,
	`category` varchar(60) DEFAULT NULL,
	`stock` int(11) NOT NULL DEFAULT 10,

	PRIMARY KEY (`model`)
);

INSERT INTO `vehicles` (name, model, price, category, stock) VALUES
	('Blade','blade',15000,'muscle',10),
	('Buccaneer','buccaneer',18000,'muscle',10),
	('Buccaneer Rider','buccaneer2',24000,'muscle',10),
	('Chino','chino',15000,'muscle',10),
	('Chino Luxe','chino2',19000,'muscle',10),
	('Coquette BlackFin','coquette3',55000,'muscle',10),
	('Dominator','dominator',35000,'muscle',10),
	('Dukes','dukes',28000,'muscle',10),
	('Gauntlet','gauntlet',30000,'muscle',10),
	('Hotknife','hotknife',125000,'muscle',10),
	('Faction','faction',20000,'muscle',10),
	('Faction Rider','faction2',30000,'muscle',10),
	('Faction XL','faction3',40000,'muscle',10),
	('Nightshade','nightshade',65000,'muscle',10),
	('Phoenix','phoenix',12500,'muscle',10),
	('Picador','picador',18000,'muscle',10),
	('Sabre Turbo','sabregt',20000,'muscle',10),
	('Sabre GT','sabregt2',25000,'muscle',10),
	('Slam Van','slamvan3',11500,'muscle',10),
	('Tampa','tampa',16000,'muscle',10),
	('Virgo','virgo',14000,'muscle',10),
	('Vigero','vigero',12500,'muscle',10),
	('Voodoo','voodoo',7200,'muscle',10),
	('Blista','blista',8000,'compacts',10),
	('Brioso R/A','brioso',18000,'compacts',10),
	('Issi','issi2',10000,'compacts',10),
	('Panto','panto',10000,'compacts',10),
	('Prairie','prairie',12000,'compacts',10),
	('Bison','bison',45000,'vans',10),
	('Bobcat XL','bobcatxl',32000,'vans',10),
	('Burrito','burrito3',19000,'vans',10),
	('Burrito','gburrito2',29000,'vans',10),
	('Camper','camper',42000,'vans',10),
	('Gang Burrito','gburrito',45000,'vans',10),
	('Journey','journey',6500,'vans',10),
	('Minivan','minivan',13000,'vans',10),
	('Moonbeam','moonbeam',18000,'vans',10),
	('Moonbeam Rider','moonbeam2',35000,'vans',10),
	('Paradise','paradise',19000,'vans',10),
	('Rumpo','rumpo',15000,'vans',10),
	('Rumpo Trail','rumpo3',19500,'vans',10),
	('Surfer','surfer',12000,'vans',10),
	('Youga','youga',10800,'vans',10),
	('Youga Luxuary','youga2',14500,'vans',10),
	('Asea','asea',5500,'sedans',10),
	('Cognoscenti','cognoscenti',55000,'sedans',10),
	('Emperor','emperor',8500,'sedans',10),
	('Fugitive','fugitive',12000,'sedans',10),
	('Glendale','glendale',6500,'sedans',10),
	('Intruder','intruder',7500,'sedans',10),
	('Premier','premier',8000,'sedans',10),
	('Primo Custom','primo2',14000,'sedans',10),
	('Regina','regina',5000,'sedans',10),
	('Schafter','schafter2',25000,'sedans',10),
	('Stretch','stretch',90000,'sedans',10),
	('Super Diamond','superd',130000,'sedans',10),
	('Tailgater','tailgater',30000,'sedans',10),
	('Warrener','warrener',4000,'sedans',10),
	('Washington','washington',9000,'sedans',10),
	('Baller','baller2',40000,'suvs',10),
	('Baller Sport','baller3',60000,'suvs',10),
	('Cavalcade','cavalcade2',55000,'suvs',10),
	('Contender','contender',70000,'suvs',10),
	('Dubsta','dubsta',45000,'suvs',10),
	('Dubsta Luxuary','dubsta2',60000,'suvs',10),
	('Fhantom','fq2',17000,'suvs',10),
	('Grabger','granger',50000,'suvs',10),
	('Gresley','gresley',47500,'suvs',10),
	('Huntley S','huntley',40000,'suvs',10),
	('Landstalker','landstalker',35000,'suvs',10),
	('Mesa','mesa',16000,'suvs',10),
	('Mesa Trail','mesa3',40000,'suvs',10),
	('Patriot','patriot',55000,'suvs',10),
	('Radius','radi',29000,'suvs',10),
	('Rocoto','rocoto',45000,'suvs',10),
	('Seminole','seminole',25000,'suvs',10),
	('XLS','xls',32000,'suvs',10),
	('Btype','btype',62000,'sportsclassics',10),
	('Btype Luxe','btype3',85000,'sportsclassics',10),
	('Btype Hotroad','btype2',155000,'sportsclassics',10),
	('Casco','casco',30000,'sportsclassics',10),
	('Coquette Classic','coquette2',40000,'sportsclassics',10),
	('Manana','manana',12800,'sportsclassics',10),
	('Monroe','monroe',55000,'sportsclassics',10),
	('Pigalle','pigalle',20000,'sportsclassics',10),
	('Stinger','stinger',80000,'sportsclassics',10),
	('Stinger GT','stingergt',75000,'sportsclassics',10),
	('Stirling GT','feltzer3',65000,'sportsclassics',10),
	('Z-Type','ztype',220000,'sportsclassics',10),
	('Bifta','bifta',12000,'offroad',10),
	('Bf Injection','bfinjection',16000,'offroad',10),
	('Blazer','blazer',6500,'offroad',10),
	('Blazer Sport','blazer4',8500,'offroad',10),
	('Brawler','brawler',45000,'offroad',10),
	('Bubsta 6x6','dubsta3',120000,'offroad',10),
	('Dune Buggy','dune',8000,'offroad',10),
	('Guardian','guardian',45000,'offroad',10),
	('Rebel','rebel2',35000,'offroad',10),
	('Sandking','sandking',55000,'offroad',10),
	('The Liberator','monster',210000,'offroad',10),
	('Trophy Truck','trophytruck',60000,'offroad',10),
	('Trophy Truck Limited','trophytruck2',80000,'offroad',10),
	('Cognoscenti Cabrio','cogcabrio',55000,'coupes',10),
	('Exemplar','exemplar',32000,'coupes',10),
	('F620','f620',40000,'coupes',10),
	('Felon','felon',42000,'coupes',10),
	('Felon GT','felon2',55000,'coupes',10),
	('Jackal','jackal',38000,'coupes',10),
	('Oracle XS','oracle2',35000,'coupes',10),
	('Sentinel','sentinel',32000,'coupes',10),
	('Sentinel XS','sentinel2',40000,'coupes',10),
	('Windsor','windsor',95000,'coupes',10),
	('Windsor Drop','windsor2',125000,'coupes',10),
	('Zion','zion',36000,'coupes',10),
	('Zion Cabrio','zion2',45000,'coupes',10),
	('9F','ninef',65000,'sports',10),
	('9F Cabrio','ninef2',80000,'sports',10),
	('Alpha','alpha',60000,'sports',10),
	('Banshee','banshee',70000,'sports',10),
	('Bestia GTS','bestiagts',55000,'sports',10),
	('Buffalo','buffalo',12000,'sports',10),
	('Buffalo S','buffalo2',20000,'sports',10),
	('Carbonizzare','carbonizzare',75000,'sports',10),
	('Comet','comet2',65000,'sports',10),
	('Coquette','coquette',65000,'sports',10),
	('Drift Tampa','tampa2',80000,'sports',10),
	('Elegy','elegy2',38500,'sports',10),
	('Feltzer','feltzer2',55000,'sports',10),
	('Furore GT','furoregt',45000,'sports',10),
	('Fusilade','fusilade',40000,'sports',10),
	('Jester','jester',65000,'sports',10),
	('Jester(Racecar)','jester2',135000,'sports',10),
	('Khamelion','khamelion',38000,'sports',10),
	('Kuruma','kuruma',30000,'sports',10),
	('Lynx','lynx',40000,'sports',10),
	('Mamba','mamba',70000,'sports',10),
	('Massacro','massacro',65000,'sports',10),
	('Massacro(Racecar)','massacro2',130000,'sports',10),
	('Omnis','omnis',35000,'sports',10),
	('Penumbra','penumbra',28000,'sports',10),
	('Rapid GT','rapidgt',35000,'sports',10),
	('Rapid GT Convertible','rapidgt2',45000,'sports',10),
	('Schafter V12','schafter3',50000,'sports',10),
	('Seven 70','seven70',39500,'sports',10),
	('Sultan','sultan',15000,'sports',10),
	('Surano','surano',50000,'sports',10),
	('Tropos','tropos',40000,'sports',10),
	('Verlierer','verlierer2',70000,'sports',10),
	('Adder','adder',900000,'super',10),
	('Banshee 900R','banshee2',255000,'super',10),
	('Bullet','bullet',90000,'super',10),
	('Cheetah','cheetah',375000,'super',10),
	('Entity XF','entityxf',425000,'super',10),
	('ETR1','sheava',220000,'super',10),
	('FMJ','fmj',185000,'super',10),
	('Infernus','infernus',180000,'super',10),
	('Osiris','osiris',160000,'super',10),
	('Pfister','pfister811',85000,'super',10),
	('RE-7B','le7b',325000,'super',10),
	('Reaper','reaper',150000,'super',10),
	('Sultan RS','sultanrs',65000,'super',10),
	('T20','t20',300000,'super',10),
	('Turismo R','turismor',350000,'super',10),
	('Tyrus','tyrus',600000,'super',10),
	('Vacca','vacca',120000,'super',10),
	('Voltic','voltic',90000,'super',10),
	('X80 Proto','prototipo',2500000,'super',10),
	('Zentorno','zentorno',1500000,'super',10),
	('Akuma','AKUMA',7500,'motorcycles',10),
	('Avarus','avarus',18000,'motorcycles',10),
	('Bagger','bagger',13500,'motorcycles',10),
	('Bati 801','bati',12000,'motorcycles',10),
	('Bati 801RR','bati2',19000,'motorcycles',10),
	('BF400','bf400',6500,'motorcycles',10),
	('BMX (velo)','bmx',160,'bicycles',10),
	('Carbon RS','carbonrs',18000,'motorcycles',10),
	('Chimera','chimera',38000,'motorcycles',10),
	('Cliffhanger','cliffhanger',9500,'motorcycles',10),
	('Cruiser (velo)','cruiser',510,'bicycles',10),
	('Daemon','daemon',11500,'motorcycles',10),
	('Daemon High','daemon2',13500,'motorcycles',10),
	('Defiler','defiler',9800,'motorcycles',10),
	('Double T','double',28000,'motorcycles',10),
	('Enduro','enduro',5500,'motorcycles',10),
	('Esskey','esskey',4200,'motorcycles',10),
	('Faggio','faggio',1900,'motorcycles',10),
	('Vespa','faggio2',2800,'motorcycles',10),
	('Fixter (velo)','fixter',225,'bicycles',10),
	('Gargoyle','gargoyle',16500,'motorcycles',10),
	('Hakuchou','hakuchou',31000,'motorcycles',10),
	('Hakuchou Sport','hakuchou2',55000,'motorcycles',10),
	('Hexer','hexer',12000,'motorcycles',10),
	('Innovation','innovation',23500,'motorcycles',10),
	('Manchez','manchez',5300,'motorcycles',10),
	('Nemesis','nemesis',5800,'motorcycles',10),
	('Nightblade','nightblade',35000,'motorcycles',10),
	('PCJ-600','pcj',6200,'motorcycles',10),
	('Ruffian','ruffian',6800,'motorcycles',10),
	('Sanchez','sanchez',5300,'motorcycles',10),
	('Sanchez Sport','sanchez2',5300,'motorcycles',10),
	('Sanctus','sanctus',25000,'motorcycles',10),
	('Scorcher (velo)','scorcher',280,'bicycles',10),
	('Sovereign','sovereign',22000,'motorcycles',10),
	('Shotaro Concept','shotaro',320000,'motorcycles',10),
	('Thrust','thrust',24000,'motorcycles',10),
	('Tri bike (velo)','tribike3',520,'bicycles',10),
	('Vader','vader',7200,'motorcycles',10),
	('Vortex','vortex',9800,'motorcycles',10),
	('Woflsbane','wolfsbane',9000,'motorcycles',10),
	('Zombie','zombiea',9500,'motorcycles',10),
	('Zombie Luxuary','zombieb',12000,'motorcycles',10),
	('blazer5', 'blazer5', 1755600, 'offroad',10),
	('Ruiner 2', 'ruiner2', 5745600, 'muscle',10),
	('Voltic 2', 'voltic2', 3830400, 'super',10),
	('Ardent', 'ardent', 1150000, 'sportsclassics',10),
	('Oppressor', 'oppressor', 3524500, 'super',10),
	('Visione', 'visione', 2250000, 'super',10),
	('Retinue', 'retinue', 615000, 'sportsclassics',10),
	('Cyclone', 'cyclone', 1890000, 'super',10), 
	('Rapid GT3', 'rapidgt3', 885000, 'sportsclassics',10),
	('raiden', 'raiden', 1375000, 'sports',10),
	('Yosemite', 'yosemite', 485000, 'muscle',10),
	('Deluxo', 'deluxo', 4721500, 'sportsclassics',10),
	('Pariah', 'pariah', 1420000, 'sports',10),
	('Stromberg', 'stromberg', 3185350, 'sports',10),
	('SC 1', 'sc1', 1603000, 'super',10),
	('riata', 'riata', 380000, 'offroad',10),
	('Hermes', 'hermes', 535000, 'muscle',10),
	('Savestra', 'savestra', 990000, 'sportsclassics',10),
	('Streiter', 'streiter', 500000, 'sports',10),
	('Kamacho', 'kamacho', 345000, 'offroad',10),
	('GT 500', 'gt500', 785000, 'sportsclassics',10),
	('Z190', 'z190', 900000, 'sportsclassics',10),
	('Viseris', 'viseris', 875000, 'sportsclassics',10),
	('Autarch', 'autarch', 1955000, 'super',10),
	('Comet 5', 'comet5', 1145000, 'sports',10), 
	('Neon', 'neon', 1500000, 'sports',10),
	('Revolter', 'revolter', 1610000, 'sports',10),
	('Sentinel3', 'sentinel3', 650000, 'sports',10),
	('Hustler', 'hustler', 625000, 'muscle',10),
	('Tow Truck', 'flatbed', 625000, 'utility',10)
;

CREATE TABLE `vehicle_display` (
  `id` int(11) NOT NULL,
  `model` varchar(60) NOT NULL,
  `name` varchar(60) NOT NULL,
  `commission` int(11) NOT NULL DEFAULT 10,
  `downpayment` int(11) NOT NULL DEFAULT 25,

	PRIMARY KEY (`id`)
);

ALTER TABLE `vehicle_display`
  MODIFY `id` int(11) NOT NULL AUTO_INCREMENT;

INSERT INTO `vehicle_display` (`id`, `model`, `name`, `commission`, `downpayment`) VALUES
(1, 'panto', 'Panto', 10, 25),
(2, 'carbonrs', 'Carbon RS', 10, 25),
(3, 'ardent', 'Ardent', 10, 25),
(4, 'zentorno', 'Zentorno', 10, 25),
(5, 'exemplar', 'Exemplar', 10, 25),
(6, 'emperor', 'Emperor', 10, 25),
(7, 'baller2', 'Baller', 10, 25),
(8, 'fixter', 'Fixter (velo)', 10, 25),
(9, 'trophytruck', 'Trophy Truck', 10, 25)
;
